month,monthly_median_mm
1,0.0
2,0.30000000000000004
3,18.1
4,40.1
5,64.6
6,80.3
7,153.10000000000002
8,212.5
9,169.1
10,63.6
11,5.8999999999999995
12,0.0
